{
    "Changes":[
        {
            "LogName": "Grey Wolf",
            "Action": "EditData",
            "Target": "aedenthorn.CustomMounts/dict",
            "Entries": {
                "Smapifan.Werewolf.Grey_Wolf": {
                    "Name": "Grey Wolf",
                    "Stable": "Smapifan.Werewolf.Grey_Wolf_Cave",
                    "SpawnOffset": {
						"X": 1,
						"Y": 4 
                    },
                    "Speed": 4,
                    "FrameWidth": 48,
                    "FrameHeight": 48,
                    "FootstepSound": "sandyStep",
                    "FootstepSoundStone": "woodyHit",
                    "FootstepSoundWood": "woodyHit",
                    "FluteItem": "GreyWolfFlute",
                    "FluteSound": "flute",
                    "EatItem": "Meat",
                    "EatSound": "gulp",
                    "EatSpeedBonus": 0.6,
                    "AllowHats": false,
                    "CustomAnimations": {
                        "Left": {
                            "FacingDirection": 3,
                            "Chance": 0.001,
                            "Frames": [
                                {
                                    "Frame": 21,
                                    "Flip": true,
                                    "MinLength": 100,
                                    "MaxLength": 100
                                },
                                {
                                    "Frame": 22,
                                    "Flip": true,
                                    "MinLength": 100,
                                    "MaxLength": 100
                                },
                                {
                                    "Frame": 23,
                                    "Flip": true,
                                    "MinLength": 100,
                                    "MaxLength": 100
                                },
                                {
                                    "Frame": 24,
                                    "Flip": true,
                                    "SoundChance": 0.01,
                                    "Sound": "howl",
                                    "MinLength": 100,
                                    "MaxLength": 100
                                },
                                {
                                    "Frame": 23,
                                    "Flip": true,
                                    "MinLength": 100,
                                    "MaxLength": 100
                                },
                                {
                                    "Frame": 24,
                                    "Flip": true,
                                    "MinLength": 100,
                                    "MaxLength": 100
                                },
                                {
                                    "Frame": 23,
                                    "Flip": true,
                                    "MinLength": 100,
                                    "MaxLength": 100
                                },
                                {
                                    "Frame": 22,
                                    "Flip": true,
                                    "MinLength": 100,
                                    "MaxLength": 100
                                },
                                {
                                    "Frame": 21,
                                    "Flip": true,
                                    "MinLength": 100,
                                    "MaxLength": 100
                                }
                            ]
                        },
                        "Right": {
                            "FacingDirection": 1,
                            "Chance": 0.001,
                            "Frames": [
                                {
                                    "Frame": 21,
                                    "MinLength": 100,
                                    "MaxLength": 100
                                },
                                {
                                    "Frame": 22,
                                    "MinLength": 100,
                                    "MaxLength": 100
                                },
                                {
                                    "Frame": 23,
                                    "MinLength": 100,
                                    "MaxLength": 100
                                },
                                {
                                    "Frame": 24,
                                    "SoundChance": 0.01,
                                    "Sound": "howl",
                                    "MinLength": 100,
                                    "MaxLength": 100
                                },
                                {
                                    "Frame": 23,
                                    "MinLength": 100,
                                    "MaxLength": 100
                                },
                                {
                                    "Frame": 24,
                                    "MinLength": 100,
                                    "MaxLength": 100
                                },
                                {
                                    "Frame": 23,
                                    "MinLength": 100,
                                    "MaxLength": 100
                                },
                                {
                                    "Frame": 22,
                                    "MinLength": 100,
                                    "MaxLength": 100
                                },
                                {
                                    "Frame": 21,
                                    "MinLength": 100,
                                    "MaxLength": 100
                                }
                            ]
                        },
                        "Up": {
                            "FacingDirection": 0,
                            "Chance": 0.001,
                            "Frames": [
                                {
                                    "Frame": 25,
                                    "MinLength": 0,
                                    "MaxLength": 250
                                },
                                {
                                    "Frame": 25,
                                    "SoundChance": 0.01,
                                    "Sound": "howl",
                                    "MinLength": 250,
                                    "MaxLength": 250
                                },
                                {
                                    "Frame": 25,
                                    "MinLength": 0,
                                    "MaxLength": 250
                                }
                            ]
                        }
                    },
                    "TexturePath": "{{InternalAssetKey: assets/Animails/Mounts/GreyWolf.png}}"
                }
            }
        },

        {
            "LogName": "White Wolf",
            "Action": "EditData",
            "Target": "aedenthorn.CustomMounts/dict",
            "Entries": {
                "Smapifan.Werewolf.White_Wolf": {
                    "Name": "{{i18n:White_Wolf}}",
                    "Stable": "Smapifan.Werewolf.White_Wolf_Cave",
                    "SpawnOffset": {
						"X": 1,
						"Y": 2 
                    },
                    "Speed": 4,
                    "FrameWidth": 48,
                    "FrameHeight": 48,
                    "FootstepSound": "sandyStep",
                    "FootstepSoundStone": "woodyHit",
                    "FootstepSoundWood": "woodyHit",
                    "FluteItem": "BoneFlute",
                    "FluteSound": "flute",
                    "EatItem": "Meat",
                    "EatSound": "gulp",
                    "EatSpeedBonus": 0.6,
                    "AllowHats": false,
                    "CustomAnimations": {
                        "Left": {
                            "FacingDirection": 3,
                            "Chance": 0.001,
                            "Frames": [
                                {
                                    "Frame": 21,
                                    "Flip": true,
                                    "MinLength": 100,
                                    "MaxLength": 100
                                },
                                {
                                    "Frame": 22,
                                    "Flip": true,
                                    "MinLength": 100,
                                    "MaxLength": 100
                                },
                                {
                                    "Frame": 23,
                                    "Flip": true,
                                    "MinLength": 100,
                                    "MaxLength": 100
                                },
                                {
                                    "Frame": 24,
                                    "Flip": true,
                                    "SoundChance": 0.01,
                                    "Sound": "howl",
                                    "MinLength": 100,
                                    "MaxLength": 100
                                },
                                {
                                    "Frame": 23,
                                    "Flip": true,
                                    "MinLength": 100,
                                    "MaxLength": 100
                                },
                                {
                                    "Frame": 24,
                                    "Flip": true,
                                    "MinLength": 100,
                                    "MaxLength": 100
                                },
                                {
                                    "Frame": 23,
                                    "Flip": true,
                                    "MinLength": 100,
                                    "MaxLength": 100
                                },
                                {
                                    "Frame": 22,
                                    "Flip": true,
                                    "MinLength": 100,
                                    "MaxLength": 100
                                },
                                {
                                    "Frame": 21,
                                    "Flip": true,
                                    "MinLength": 100,
                                    "MaxLength": 100
                                }
                            ]
                        },
                        "Right": {
                            "FacingDirection": 1,
                            "Chance": 0.001,
                            "Frames": [
                                {
                                    "Frame": 21,
                                    "MinLength": 100,
                                    "MaxLength": 100
                                },
                                {
                                    "Frame": 22,
                                    "MinLength": 100,
                                    "MaxLength": 100
                                },
                                {
                                    "Frame": 23,
                                    "MinLength": 100,
                                    "MaxLength": 100
                                },
                                {
                                    "Frame": 24,
                                    "SoundChance": 0.01,
                                    "Sound": "howl",
                                    "MinLength": 100,
                                    "MaxLength": 100
                                },
                                {
                                    "Frame": 23,
                                    "MinLength": 100,
                                    "MaxLength": 100
                                },
                                {
                                    "Frame": 24,
                                    "MinLength": 100,
                                    "MaxLength": 100
                                },
                                {
                                    "Frame": 23,
                                    "MinLength": 100,
                                    "MaxLength": 100
                                },
                                {
                                    "Frame": 22,
                                    "MinLength": 100,
                                    "MaxLength": 100
                                },
                                {
                                    "Frame": 21,
                                    "MinLength": 100,
                                    "MaxLength": 100
                                }
                            ]
                        },
                        "Up": {
                            "FacingDirection": 0,
                            "Chance": 0.001,
                            "Frames": [
                                {
                                    "Frame": 25,
                                    "MinLength": 0,
                                    "MaxLength": 250
                                },
                                {
                                    "Frame": 25,
                                    "SoundChance": 0.01,
                                    "Sound": "howl",
                                    "MinLength": 250,
                                    "MaxLength": 250
                                },
                                {
                                    "Frame": 25,
                                    "MinLength": 0,
                                    "MaxLength": 250
                                }
                            ]
                        }
                    },
                    "TexturePath": "{{InternalAssetKey: assets/Animails/Mounts/WhiteWolf.png}}"
                }
            }
        }
      ]
    }