{
    "Changes": [

        {
            "LogName": "Wolf Cave load option 1",
            "Action": "Include",
            "FromFile": "assets/Buildings/Wolf_cave.json",
            "When": {
                "HasMod: |contains=aedenthorn.CustomMounts": true,
                "HasMod: |contains=maggplays.blackwhitedirewolf": true,
                "HasMod: |contains=maggplays.blackdirewolf": false,
                "HasMod: |contains=maggplays.silverdirewolf": false
            }
        },

        {
            "LogName": "Wolf Cave load option 2",
            "Action": "Include",
            "FromFile": "assets/Buildings/Wolf_cave.json",
            "When": {
                "HasMod: |contains=aedenthorn.CustomMounts": true,
                "HasMod: |contains=maggplays.blackwhitedirewolf": false,
                "HasMod: |contains=maggplays.blackdirewolf": true,
                "HasMod: |contains=maggplays.silverdirewolf": false
            }
        },

        {
            "LogName": "Wolf Cave load option 3",
            "Action": "Include",
            "FromFile": "assets/Buildings/Wolf_cave.json",
            "When": {
                "HasMod: |contains=aedenthorn.CustomMounts": true,
                "HasMod: |contains=maggplays.blackwhitedirewolf": false,
                "HasMod: |contains=maggplays.blackdirewolf": false,
                "HasMod: |contains=maggplays.silverdirewolf": true
            }
        },

        {
            "LogName": "Wolf Cave load option 4",
            "Action": "Include",
            "FromFile": "assets/Buildings/Wolf_cave.json",
            "When": {
                "HasMod: |contains=aedenthorn.CustomMounts": true,
                "HasMod: |contains=maggplays.blackwhitedirewolf": true,
                "HasMod: |contains=maggplays.blackdirewolf": true,
                "HasMod: |contains=maggplays.silverdirewolf": false
            }
        },

        {
            "LogName": "Wolf Cave load option 5",
            "Action": "Include",
            "FromFile": "assets/Buildings/Wolf_cave.json",
            "When": {
                "HasMod: |contains=aedenthorn.CustomMounts": true,
                "HasMod: |contains=maggplays.blackwhitedirewolf": true,
                "HasMod: |contains=maggplays.blackdirewolf": false,
                "HasMod: |contains=maggplays.silverdirewolf": true
            }
        },

        {
            "LogName": "Wolf Cave load option 6",
            "Action": "Include",
            "FromFile": "assets/Buildings/Wolf_cave.json",
            "When": {
                "HasMod: |contains=aedenthorn.CustomMounts": true,
                "HasMod: |contains=maggplays.blackwhitedirewolf": false,
                "HasMod: |contains=maggplays.blackdirewolf": true,
                "HasMod: |contains=maggplays.silverdirewolf": true
            }
        },

        {
            "LogName": "Wolf Cave load option 7",
            "Action": "Include",
            "FromFile": "assets/Buildings/Wolf_cave.json",
            "When": {
                "HasMod: |contains=aedenthorn.CustomMounts": true,
                "HasMod: |contains=maggplays.blackwhitedirewolf": true,
                "HasMod: |contains=maggplays.blackdirewolf": true,
                "HasMod: |contains=maggplays.silverdirewolf": true
            }
        },

        {
            "LogName": "Wolf animail load option 1",
            "Action": "Include",
            "FromFile": "assets/Animails/Mounts/Wolf.json",
            "When": {
                "HasMod: |contains=aedenthorn.CustomMounts": true,
                "HasMod: |contains=maggplays.blackwhitedirewolf": true,
                "HasMod: |contains=maggplays.blackdirewolf": false,
                "HasMod: |contains=maggplays.silverdirewolf": false
            }
        },

        {
            "LogName": "Wolf animail load option 2",
            "Action": "Include",
            "FromFile": "assets/Animails/Mounts/Wolf.json",
            "When": {
                "HasMod: |contains=aedenthorn.CustomMounts": true,
                "HasMod: |contains=maggplays.blackwhitedirewolf": false,
                "HasMod: |contains=maggplays.blackdirewolf": true,
                "HasMod: |contains=maggplays.silverdirewolf": false
            }
        },

        {
            "LogName": "Wolf animail load option 3",
            "Action": "Include",
            "FromFile": "assets/Animails/Mounts/Wolf.json",
            "When": {
                "HasMod: |contains=aedenthorn.CustomMounts": true,
                "HasMod: |contains=maggplays.blackwhitedirewolf": false,
                "HasMod: |contains=maggplays.blackdirewolf": false,
                "HasMod: |contains=maggplays.silverdirewolf": true
            }
        },

        {
            "LogName": "Wolf animail load option 4",
            "Action": "Include",
            "FromFile": "assets/Animails/Mounts/Wolf.json",
            "When": {
                "HasMod: |contains=aedenthorn.CustomMounts": true,
                "HasMod: |contains=maggplays.blackwhitedirewolf": true,
                "HasMod: |contains=maggplays.blackdirewolf": true,
                "HasMod: |contains=maggplays.silverdirewolf": false
            }
        },

        {
            "LogName": "Wolf animail load option 5",
            "Action": "Include",
            "FromFile": "assets/Animails/Mounts/Wolf.json",
            "When": {
                "HasMod: |contains=aedenthorn.CustomMounts": true,
                "HasMod: |contains=maggplays.blackwhitedirewolf": true,
                "HasMod: |contains=maggplays.blackdirewolf": false,
                "HasMod: |contains=maggplays.silverdirewolf": true
            }
        },

        {
            "LogName": "Wolf animail load option 6",
            "Action": "Include",
            "FromFile": "assets/Animails/Mounts/Wolf.json",
            "When": {
                "HasMod: |contains=aedenthorn.CustomMounts": true,
                "HasMod: |contains=maggplays.blackwhitedirewolf": false,
                "HasMod: |contains=maggplays.blackdirewolf": true,
                "HasMod: |contains=maggplays.silverdirewolf": true
            }
        },

        {
            "LogName": "Wolf animail load option 7",
            "Action": "Include",
            "FromFile": "assets/Animails/Mounts/Wolf.json",
            "When": {
                "HasMod: |contains=aedenthorn.CustomMounts": true,
                "HasMod: |contains=maggplays.blackwhitedirewolf": true,
                "HasMod: |contains=maggplays.blackdirewolf": true,
                "HasMod: |contains=maggplays.silverdirewolf": true
            }
        }
        
    ]
}