{
    /**
     * Metadata about some SMAPI mods used in compatibility, update, and dependency checks. This
     * field shouldn't be edited by players in most cases.
     *
     *
     * Standard fields
     * ===============
     * The predefined fields are documented below (only 'ID' is required). Each entry's key is the
     * default display name for the mod if one isn't available (e.g. in dependency checks).
     *
     *   - ID: the mod's latest unique ID (if any).
     *
     *   - FormerIds: uniquely identifies the mod across multiple versions, and supports matching
     *     other fields if no ID was specified. This doesn't include the latest ID, if any. Multiple
     *     variants can be separated with '|'.
     *
     *   - SuppressWarnings: the mod warnings to suppress, even if they'd normally be shown. This
     *     should match the ModWarning enum.
     *
     *
     * Versioned metadata
     * ==================
     * Each record can also specify extra metadata using the field keys below.
     *
     * Each key consists of a field name prefixed with any combination of version range and 'Default',
     * separated by pipes (whitespace trimmed). For example, 'UpdateKey' will always override,
     * 'Default | UpdateKey' will only override if the mod has no update keys, and
     * '~1.1 | Default | Name' will do the same up to version 1.1.
     *
     * The version format is 'min~max' (where either side can be blank for unbounded), or a single
     * version number.
     *
     * These are the valid field names:
     *
     *   - UpdateKey: the update key to set in the mod's manifest. This is used to enable update
     *     checks for older mods that haven't been updated to use it yet.
     *
     *   - Status: overrides compatibility checks. The possible values are Obsolete (SMAPI won't load
     *     it because the mod should no longer be used), AssumeBroken (SMAPI won't load it because
     *     the specified version isn't compatible), or AssumeCompatible (SMAPI will try to load it
     *     even if it detects incompatible code).
     *
     *     Note that this shouldn't be set to 'AssumeBroken' if SMAPI can detect the incompatibility
     *     automatically, since that hides the details from trace logs.
     *
     *   - StatusReasonPhrase: a message to show to the player explaining why the mod can't be loaded
     *     (if applicable). If blank, will default to a generic not-compatible message.
     *
     *   - StatusReasonDetails: a technical reason shown in TRACE logs, indicating why the status
     *     was overridden. If not provided, it defaults to the StatusReasonPhrase or 'no reason given'.
     */
    "ModData": {
        /*********
        ** Common dependencies for friendly errors
        *********/
        "Advanced Location Loader": {
            "Id": "Entoarox.AdvancedLocationLoader",
            "Default | UpdateKey": "Nexus:2270"
        },
        "Content Patcher": {
            "Id": "Pathoschild.ContentPatcher",
            "Default | UpdateKey": "Nexus:1915"
        },
        "Custom Farming Redux": {
            "Id": "Platonymous.CustomFarming",
            "Default | UpdateKey": "Nexus:991"
        },
        "Custom Shirts": {
            "Id": "Platonymous.CustomShirts",
            "Default | UpdateKey": "Nexus:2416"
        },
        "Entoarox Framework": {
            "Id": "Entoarox.EntoaroxFramework",
            "Default | UpdateKey": "Nexus:2269"
        },
        "Mail Framework": {
            "Id": "DIGUS.MailFrameworkMod",
            "Default | UpdateKey": "Nexus:1536"
        },
        "MTN": {
            "Id": "SgtPickles.MTN",
            "Default | UpdateKey": "Nexus:2256"
        },
        "PyTK": {
            "Id": "Platonymous.Toolkit",
            "Default | UpdateKey": "Nexus:1726"
        },
        "SpaceCore": {
            "Id": "spacechase0.SpaceCore",
            "Default | UpdateKey": "Nexus:1348"
        },
        "Stardust Core": {
            "Id": "Omegasis.StardustCore",
            "Default | UpdateKey": "Nexus:2341"
        },

        /*********
        ** Obsolete
        *********/
        "Animal Mood Fix": {
            "Id": "GPeters-AnimalMoodFix",
            "~ | Status": "Obsolete",
            "~ | StatusReasonPhrase": "the animal mood bugs were fixed in Stardew Valley 1.2. You can delete this mod."
        },
        "Bee House Flower Range Fix": {
            "Id": "kirbylink.beehousefix",
            "~ | Status": "Obsolete",
            "~ | StatusReasonPhrase": "the bee house flower range was fixed in Stardew Valley 1.4. You can delete this mod."
        },
        "Colored Chests": {
            "Id": "4befde5c-731c-4853-8e4b-c5cdf946805f",
            "~ | Status": "Obsolete",
            "~ | StatusReasonPhrase": "colored chests were added in Stardew Valley 1.1. You can delete this mod."
        },
        "Error Handler": {
            "Id": "SMAPI.ErrorHandler",
            "~ | Status": "Obsolete",
            "~ | StatusReasonPhrase": "its error handling was integrated into Stardew Valley 1.6. You can delete this mod."
        },
        "Extra Map Layers": {
            "Id": "aedenthorn.ExtraMapLayers",
            "~0.3.10 | Status": "Obsolete",
            "~0.3.10 | StatusReasonPhrase": "extra map layer support was added in Stardew Valley 1.6. You can delete this mod.",
            "IgnoreDependencies": true
        },
        "Modder Serialization Utility": {
            "Id": "SerializerUtils-0-1",
            "~ | Status": "Obsolete",
            "~ | StatusReasonPhrase": "it's no longer maintained or used. You can delete this mod."
        },
        "No Debug Mode": {
            "Id": "NoDebugMode",
            "~ | Status": "Obsolete",
            "~ | StatusReasonPhrase": "debug mode was removed in SMAPI 1.0. You can delete this mod."
        },
        "Split Screen": {
            "Id": "Ilyaki.SplitScreen",
            "~ | Status": "Obsolete",
            "~ | StatusReasonPhrase": "split-screen mode was added in Stardew Valley 1.5. You can delete this mod."
        },

        /*********
        ** Broke in SDV 1.6.9
        *********/
        "Artifact Digger": {
            "Id": "mizzion.artifactdigger",
            "~1.3.0 | Status": "AssumeBroken",
            "~1.3.0 | StatusReasonDetails": "content loads fail at runtime"
        },
        "Better Crystalariums": {
            "Id": "DecidedlyHuman.BetterCrystalariums",
            "~1.0.0 | Status": "AssumeBroken",
            "~1.0.0 | StatusReasonDetails": "Harmony patches fail at runtime"
        },
        "Better Frog Control": {
            "Id": "malkavian.betterfrogcontrol",
            "~1.0.1 | Status": "AssumeBroken",
            "~1.0.1 | StatusReasonDetails": "CompanionTrinketEffect type reference fails at runtime"
        },
        "Catalogue Indicator": {
            "Id": "com.anthonyhilyard.CatalogueIndicator",
            "~1.0.0 | Status": "AssumeBroken",
            "~1.0.0 | StatusReasonDetails": "ItemStockInformation references crash at runtime"
        },
        "Custom Moss": {
            "Id": "aceynk.CustomMoss",
            "~1.1.1 | Status": "AssumeBroken",
            "~1.1.1 | StatusReasonDetails": "Harmony patches fail at runtime"
        },
        "Fishing Tackle Tooltip": {
            "Id": "BarleyZP.FishingTackleTooltip",
            "~1.0.0 | Status": "AssumeBroken",
            "~1.0.0 | StatusReasonDetails": "Harmony patches fail at runtime"
        },
        "Happy Home Designer": {
            "Id": "tlitookilakin.HappyHomeDesigner",
            "~2.1.2 | Status": "AssumeBroken",
            "~2.1.2 | StatusReasonDetails": "ItemStockInformation references crash at runtime"
        },
        "Heart Event Helper": {
            "Id": "bungus.HeartEventHelper",
            "~1.0.6 | Status": "AssumeBroken",
            "~1.0.6 | StatusReasonDetails": "breaks question dialogues (e.g. Lewis' start-festival-event question)"
        },
        "Jump Down the Mine": {
            "Id": "flowoeB.JumpDownTheMine",
            "~1.0.1 | Status": "AssumeBroken",
            "~1.0.1 | StatusReasonDetails": "fails with runtime 'Common Language Runtime detected an invalid program' errors"
        },
        "Json Assets": {
            "Id": "spacechase0.JsonAssets",
            "~1.1.18 | Status": "AssumeBroken",
            "~1.1.18 | StatusReasonDetails": "ItemStockInformation references crash at runtime",

            "Default | UpdateKey": "Nexus:1720"
        },
        "Luck Skill": {
            "Id": "spacechase0.LuckSkill",
            "~1.2.6 | Status": "AssumeBroken",
            "~1.2.6 | StatusReasonDetails": "Harmony errors at runtime"
        },
        "Lunar Disturbances": {
            "Id": "KoihimeNakamura.LunarDisturbances",
            "~1.5.3 | Status": "AssumeBroken",
            "~1.5.3 | StatusReasonDetails": "ItemStockInformation references crash at runtime"
        },
        "Machine Augmentors": {
            "Id": "SlayerDharok.MachineAugmentors",
            "~1.1.0 | Status": "AssumeBroken",
            "~1.1.0 | StatusReasonDetails": "ItemStockInformation references crash at runtime"
        },
        "NPC Map Locations Extra Config": {
            "Id": "trashcan9.NPCMapLocations.ExtraConfig",
            "~1.0.0 | Status": "AssumeBroken",
            "~1.0.0 | StatusReasonDetails": "Harmony patches fail at runtime"
        },
        "PokefyMania": {
            "Id": "NoodlesofCat.PokefyMania",
            "~1.0.0 | Status": "AssumeBroken",
            "~1.0.0 | StatusReasonDetails": "content edits fail at runtime"
        },
        "Searchable Chests": {
            "Id": "ThisIsCad.SearchableChests",
            "~1.2.0 | Status": "AssumeBroken",
            "~1.2.0 | StatusReasonDetails": "ItemStockInformation references crash at runtime"
        },
        "Season Switcher": {
            "Id": "Dumbledalton.SeasonSwitcher",
            "~0.1.0 | Status": "AssumeBroken",
            "~0.1.0 | StatusReasonDetails": "fails with runtime 'Common Language Runtime detected an invalid program' errors"
        },
        "Shop Tile Framework": {
            "Id": "Cherry.ShopTileFramework",
            "~1.0.10-alpha-20240227 | Status": "AssumeBroken",
            "~1.0.10-alpha-20240227 | StatusReasonDetails": "ItemStockInformation references crash at runtime"
        },
        "Stardew Valley Timelapse": {
            "Id": "evskii.StardewTimelapse",
            "~1.0.0 | Status": "AssumeBroken",
            "~1.0.0 | StatusReasonDetails": "crashes game due to permission errors when it takes a screenshot"
        },
        "Swim (FlyingTNT)": {
            "Id": "FlyingTNT.Swim",
            "~1.6.4 | Status": "AssumeBroken",
            "~1.6.4 | StatusReasonDetails": "Harmony patches fail at runtime"
        },
        "Tile Transparency": {
            "Id": "aedenthorn.TileTransparency",
            "~0.2.0 | Status": "AssumeBroken",
            "~0.2.0 | StatusReasonDetails": "Harmony patches fail at runtime"
        },
        "TMXL Map Toolkit": {
            "Id": "Platonymous.TMXLoader",
            "~1.24.3-alpha.20240226 | Status": "AssumeBroken",
            "~1.24.3-alpha.20240226 | StatusReasonDetails": "Harmony patches fail at runtime",

            "Default | UpdateKey": "Nexus:1820"
        },
        "Tool Assembly": {
            "Id": "ofts.toolAss",
            "~0.4.1-beta.1 | Status": "AssumeBroken",
            "~0.4.1-beta.1 | StatusReasonDetails": "content edits fail at runtime"
        },
        "Tool Upgrade Costs": {
            "Id": "Cherry.ToolUpgradeCosts",
            "~1.0.1-alpha.20240225 | Status": "AssumeBroken",
            "~1.0.1-alpha.20240225 | StatusReasonDetails": "ItemStockInformation references crash at runtime"
        },
        "Yet Another Fishing Mod": {
            "Id": "NeverToxic.YetAnotherFishingMod",
            "~1.1.2 | Status": "AssumeBroken",
            "~1.1.2 | StatusReasonDetails": "Harmony patches fail at runtime"
        },

        /*********
        ** Broke in SDV 1.6
        *********/
        "24-Hour Clock Harmony": {
            "Id": "pepoluan.24h",
            "~0.3.1 | Status": "AssumeBroken",
            "~0.3.1 | StatusReasonDetails": "Harmony patches fail at runtime"
        },
        "Aimon's Fancy Farmhouse": {
            "Id": "Aimon111.RedesignedFarmHouseLayoutAlt",
            "~2.0.0 | Status": "AssumeBroken",
            "~2.0.0 | StatusReasonDetails": "breaks farmhouse layout and causes runtime crashes"
        },
        "All Chests Menu": {
            "Id": "aedenthorn.AllChestsMenu",
            "~0.3.1 | Status": "AssumeBroken",
            "~0.3.1 | StatusReasonDetails": "fails at runtime"
        },
        "Animal Dialogue Framework": {
            "Id": "aedenthorn.AnimalDialogueFramework",
            "~0.1.1 | Status": "AssumeBroken",
            "~0.1.1 | StatusReasonDetails": "Harmony patches fail at runtime"
        },
        "A Quality Mod": {
            "Id": "spacechase0.AQualityMod",
            "~1.0.1 | Status": "AssumeBroken",
            "~1.0.1 | StatusReasonDetails": "Harmony patches fail at runtime"
        },
        "Backstory Questions Framework": {
            "Id": "spacechase0.BackstoryQuestionsFramework",
            "~1.0.0 | Status": "AssumeBroken",
            "~1.0.0 | StatusReasonDetails": "Harmony patches fail at runtime"
        },
        "Better Elevator": {
            "Id": "aedenthorn.BetterElevator",
            "~0.2.4 | Status": "AssumeBroken",
            "~0.2.4 | StatusReasonDetails": "Harmony patches fail at runtime"
        },
        "Better Crab Pots": {
            "Id": "EpicBellyFlop45.BetterCrabPots",
            "~2.1.0 | Status": "AssumeBroken",
            "~2.1.0 | StatusReasonDetails": "Harmony patches fail at runtime"
        },
        "Better Horse Flute": {
            "Id": "AnthonyMaciel.BetterHorseFlute",
            "~1.0.0 | Status": "AssumeBroken",
            "~1.0.0 | StatusReasonDetails": "Harmony patches fail at runtime"
        },
        "Better Quality More Seeds": {
            "Id": "SpaceBaby.BetterQualityMoreSeeds",
            "~2.0.0-6 | Status": "AssumeBroken",
            "~2.0.0-6 | StatusReasonDetails": "asset edits fail at runtime"
        },
        "Betwitched": {
            "Id": "b_wandert.Betwitched",
            "~0.9.0 | Status": "AssumeBroken",
            "~0.9.0 | StatusReasonDetails": "breaks loading the Forest location"
        },
        "Bulk Animal Purchase": {
            "Id": "aedenthorn.BulkAnimalPurchase",
            "~0.2.1 | Status": "AssumeBroken",
            "~0.2.1 | StatusReasonDetails": "Harmony patches fail at runtime"
        },
        "Build On Any Tile": {
            "Id": "Esca.BuildOnAnyTile",
            "~1.1.2 | Status": "AssumeBroken",
            "~1.1.2 | StatusReasonDetails": "Harmony patches fail at runtime"
        },
        "Carry Chest": {
            "Id": "spacechase0.CarryChest",
            "~1.3.6 | Status": "AssumeBroken",
            "~1.3.6 | StatusReasonDetails": "loses items when chest is placed"
        },
        "Categories in Recipes": {
            "Id": "Traktori.CategoriesInRecipes",
            "~1.0.0 | Status": "AssumeBroken",
            "~1.0.0 | StatusReasonDetails": "Harmony patches fail at runtime"
        },
        "Change Horse Sounds": {
            "Id": "CF.ChangeHorseSounds",
            "~1.3.1 | Status": "AssumeBroken",
            "~1.3.1 | StatusReasonDetails": "Harmony patches fail at runtime"
        },
        "Configure Machine Speed": {
            "Id": "BayesianBandit.ConfigureMachineSpeed",
            "~2.0.0-beta.2 | Status": "AssumeBroken",
            "~2.0.0-beta.2 | StatusReasonDetails": "causes runtime errors"
        },
        "Crop Walker": {
            "Id": "MindMeltMax.CropWalker",
            "~1.0.0 | Status": "AssumeBroken",
            "~1.0.0 | StatusReasonDetails": "Harmony patches fail at runtime"
        },
        "Custom Dungeon Floors": {
            "Id": "Aedenthorn.CustomMonsterFloors",
            "~0.7.0 | Status": "AssumeBroken",
            "~0.7.0 | StatusReasonDetails": "Harmony patches fail at runtime"
        },
        "Custom Starter Package": {
            "Id": "aedenthorn.CustomStarterPackage",
            "~0.2.0 | Status": "AssumeBroken",
            "~0.2.0 | StatusReasonDetails": "Harmony patches fail at runtime"
        },
        "Custom Tool Effect": {
            "Id": "ZaneYork.CustomToolEffect",
            "~1.1.0 | Status": "AssumeBroken",
            "~1.1.0 | StatusReasonDetails": "Harmony patches fail at runtime"
        },
        "Death Tweaks": {
            "Id": "aedenthorn.DeathTweaks",
            "~0.1.1 | Status": "AssumeBroken",
            "~0.1.1 | StatusReasonDetails": "Harmony patches fail at runtime"
        },
        "Enemy Health Bars": {
            "Id": "Speeder.HealthBars",
            "~1.9.1-unofficial.2-libraryaddict | Status": "AssumeBroken",
            "~1.9.1-unofficial.2-libraryaddict | StatusReasonDetails": "causes runtime errors"
        },
        "Extreme Weather": {
            "Id": "BlaDe.ExtremeWeather",
            "~1.0.0 | Status": "AssumeBroken",
            "~1.0.0 | StatusReasonDetails": "causes runtime crash"
        },
        "Farmageddon": {
            "Id": "maxvollmer.farmageddon",
            "~3.0.0 | Status": "AssumeBroken",
            "~3.0.0 | StatusReasonDetails": "Harmony patches fail at runtime"
        },
        "Fast Loads": {
            "Id": "spajus.fastloads",
            "~1.0.3 | Status": "AssumeBroken",
            "~1.0.3 | StatusReasonDetails": "Harmony patches fail at runtime"
        },
        "Fish Exclusions": {
            "Id": "GZhynko.FishExclusions",
            "~1.1.5 | Status": "AssumeBroken",
            "~1.1.5 | StatusReasonDetails": "Harmony patches fail at runtime"
        },
        "Fishing Progression": {
            "Id": "chadlymasterson.fishingprogression",
            "~1.0.1 | Status": "AssumeBroken",
            "~1.0.1 | StatusReasonDetails": "Harmony patches fail at runtime"
        },
        "Fixed Weapons Damage": {
            "Id": "BlueSight.FixedWeaponsDamage",
            "~1.0.0 | Status": "AssumeBroken",
            "~1.0.0 | StatusReasonDetails": "Harmony patches and asset edits fail at runtime"
        },
        "Flower Rain": {
            "Id": "spacechase0.FlowerRain",
            "~1.1.4 | Status": "AssumeBroken",
            "~1.1.4 | StatusReasonDetails": "Harmony patches fail at runtime"
        },
        "Friendly Divorce": {
            "Id": "aedenthorn.FriendlyDivorce",
            "~0.3.0 | Status": "AssumeBroken",
            "~0.3.0 | StatusReasonDetails": "Harmony patches fail at runtime"
        },
        "Furniture Recolor": {
            "Id": "aedenthorn.FurnitureRecolor",
            "~0.1.0 | Status": "AssumeBroken",
            "~0.1.0 | StatusReasonDetails": "Harmony patches fail at runtime"
        },
        "Hibernation": {
            "Id": "Shockah.Hibernation",
            "~1.0.0 | Status": "AssumeBroken",
            "~1.0.0 | StatusReasonDetails": "Harmony patches fail at runtime"
        },
        "Hugs and Kisses": {
            "Id": "aedenthorn.HugsAndKisses",
            "~0.4.0 | Status": "AssumeBroken",
            "~0.4.0 | StatusReasonDetails": "Harmony patches fail at runtime"
        },
        "Mayo Hats": {
            "Id": "spacechase0.MayoHats",
            "~1.0.0 | Status": "AssumeBroken",
            "~1.0.0 | StatusReasonDetails": "affected by breaking changes in the Json Assets mod API"
        },
        "Mayo Mart": {
            "Id": "aedenthorn.MayoMart",
            "~0.1.0 | Status": "AssumeBroken",
            "~0.1.0 | StatusReasonDetails": "Harmony patches fail at runtime"
        },
        "Melons to Watermelons": {
            "Id": "kingliamb.MelonsToWatermelons",
            "~1.0.2 | Status": "AssumeBroken",
            "~1.0.2 | StatusReasonDetails": "removes newer object sprites due to Maps/springobjects load"
        },
        "Misophonia Accessibility": {
            "Id": "TheFluffyRobot.MisophoniaAccessibility",
            "~3.0.1 | Status": "AssumeBroken",
            "~3.0.1 | StatusReasonDetails": "Harmony patches fail at runtime"
        },
        "Mod Updater": {
            "Id": "Platonymous.ModUpdater",
            "~1.0.6 | Status": "AssumeBroken",
            "~1.0.6 | StatusReasonDetails": "Harmony patches fail at runtime"
        },
        "More Giant Crops": {
            "Id": "spacechase0.MoreGiantCrops",
            "~1.2.0 | Status": "AssumeBroken",
            "~1.2.0 | StatusReasonDetails": "Harmony patches fail at runtime"
        },
        "More Grass": {
            "Id": "EpicBellyFlop45.MoreGrass",
            "~1.2.1 | Status": "AssumeBroken",
            "~1.2.1 | StatusReasonDetails": "causes runtime crashes"
        },
        "More Multiplayer Info": {
            "Id": "cheesysteak.moremultiplayerinfo",
            "~3.0.1 | Status": "AssumeBroken",
            "~3.0.1 | StatusReasonDetails": "causes runtime errors"
        },
        "Move Between Buildings": {
            "Id": "Vilaboa.MoveBetweenBuildings",
            "~1.0.0 | Status": "AssumeBroken",
            "~1.0.0 | StatusReasonDetails": "causes runtime errors"
        },
        "Movie Theater Tweaks": {
            "Id": "aedenthorn.MovieTheatreTweaks",
            "~0.2.0 | Status": "AssumeBroken",
            "~0.2.0 | StatusReasonDetails": "Harmony patches fail at runtime"
        },
        "MultiSave": {
            "Id": "aedenthorn.MultiSave",
            "~0.1.8 | Status": "AssumeBroken",
            "~0.1.8 | StatusReasonDetails": "Harmony patches fail at runtime"
        },
        "Musical Paths": {
            "Id": "aedenthorn.MusicalPaths",
            "~0.1.1 | Status": "AssumeBroken",
            "~0.1.1 | StatusReasonDetails": "Harmony patches fail at runtime"
        },
        "No Fence Decay": {
            "Id": "cat.nofencedecay",
            "~1.5.0 | Status": "AssumeBroken",
            "~1.5.0 | StatusReasonDetails": "causes runtime errors"
        },
        "NPC Clothing": {
            "Id": "aedenthorn.NPCClothing",
            "~0.1.0 | Status": "AssumeBroken",
            "~0.1.0 | StatusReasonDetails": "Harmony patches fail at runtime"
        },
        "One Click Shed Reloader": {
            "Id": "BitwiseJonMods.OneClickShedReloader",
            "~1.1.1 | Status": "AssumeBroken",
            "~1.1.1 | StatusReasonDetails": "causes runtime errors"
        },
        "One Sprinkler One Scarecrow": {
            "Id": "mizzion.onesprinkleronescarecrow",
            "~2.1.0 | Status": "AssumeBroken",
            "~2.1.0 | StatusReasonDetails": "Harmony patches fail at runtime"
        },
        "Ore Increaser": {
            "Id": "crazywig.oreincrease",
            "~1.0.0 | Status": "AssumeBroken",
            "~1.0.0 | StatusReasonDetails": "Harmony patches fail at runtime"
        },
        "Ore Increase V3": {
            "Id": "OreIncreaseV3",
            "~3.0.0 | Status": "AssumeBroken",
            "~3.0.0 | StatusReasonDetails": "Harmony patches fail at runtime"
        },
        "Pacifist Valley": {
            "Id": "Aedenthorn.PacifistValley",
            "~1.0.0 | Status": "AssumeBroken",
            "~1.0.0 | StatusReasonDetails": "Harmony patches fail at runtime"
        },
        "Passable Crops": {
            "Id": "NCarigon.PassableCrops",
            "~1.0.9 | Status": "AssumeBroken",
            "~1.0.9 | StatusReasonDetails": "Harmony patches fail at runtime"
        },
        "Pelican TTS": {
            "Id": "Platonymous.PelicanTTS",
            "~1.13.2 | Status": "AssumeBroken",
            "~1.13.2 | StatusReasonDetails": "asset edits fail at runtime"
        },
        "Persistent Mines": {
            "Id": "spacechase0.PersistentMines",
            "~1.0.1 | Status": "AssumeBroken",
            "~1.0.1 | StatusReasonDetails": "affected by breaking changes in the SpaceCore mod API"
        },
        "Placeable Mine Shafts": {
            "Id": "Aedenthorn.PlaceShaft",
            "~2.0.0 | Status": "AssumeBroken",
            "~2.0.0 | StatusReasonDetails": "affected by breaking changes in the Json Assets mod API"
        },
        "Platonic Partners and Friendships": {
            "Id": "Amaranthacyan.PPAFSMAPI",
            "~2.2.3 | Status": "AssumeBroken",
            "~2.2.3 | StatusReasonDetails": "asset edits fail at runtime"
        },
        "Qi Chest": {
            "Id": "spacechase0.QiChest",
            "~1.0.0 | Status": "AssumeBroken",
            "~1.0.0 | StatusReasonDetails": "causes crash during game launch due to Harmony"
        },
        "Quest Time Limits": {
            "Id": "aedenthorn.QuestTimeLimits",
            "~0.1.3 | Status": "AssumeBroken",
            "~0.1.3 | StatusReasonDetails": "Harmony patches fail at runtime"
        },
        "Riverland Farm But You Need to Build Bridges": {
            "Id": "idermailer.riverfarmButBridge",
            "~1.0.0 | Status": "AssumeBroken",
            "~1.0.0 | StatusReasonDetails": "Harmony patches fail at runtime"
        },
        "Screenshot Everywhere": {
            "Id": "Gaiadin.Stardew-Screenshot-Everywhere",
            "~1.4.1 | Status": "AssumeBroken",
            "~1.4.1 | StatusReasonDetails": "causes runtime errors"
        },
        "SeaCliff Farm": {
            "Id": "freethejunimos.seaclifffarm",
            "~1.0.2 | Status": "AssumeBroken",
            "~1.0.2 | StatusReasonDetails": "Harmony patches fail at runtime"
        },
        "Seed Maker - Better Quality More Seeds": {
            "Id": "vabrell.sm_bqms",
            "~1.3.3 | Status": "AssumeBroken",
            "~1.3.3 | StatusReasonDetails": "asset edits fail at runtime"
        },
        "Seed Maker Tweaks": {
            "Id": "aedenthorn.SeedMakerTweaks",
            "~0.2.0 | Status": "AssumeBroken",
            "~0.2.0 | StatusReasonDetails": "affected by breaking changes in the Json Assets mod API"
        },
        "Shut Up": {
            "Id": "gekox.shutUp",
            "~1.1.0 | Status": "AssumeBroken",
            "~1.1.0 | StatusReasonDetails": "Harmony patches fail at runtime"
        },
        "Sixty-Nine Shirt": {
            "Id": "aedenthorn.SixtyNine",
            "~0.2.69 | Status": "AssumeBroken",
            "~0.2.69 | StatusReasonDetails": "causes runtime errors"
        },
        "Skip Intro": {
            "Id": "Pathoschild.SkipIntro",
            "~1.9.9-alpha.20220227 | Status": "AssumeBroken",
            "~1.9.9-alpha.20220227 | StatusReasonDetails": "causes crash during game launch"
        },
        "Skull Cavern Drill": {
            "Id": "S1mmyy.SkullCavernDrill",
            "~1.0.1 | Status": "AssumeBroken",
            "~1.0.1 | StatusReasonDetails": "affected by breaking changes in the Json Assets mod API"
        },
        "Skull Cavern Drill Redux": {
            "Id": "NetworkOverflow.SkullCavernDrillRedux",
            "~1.0.1 | Status": "AssumeBroken",
            "~1.0.1 | StatusReasonDetails": "affected by breaking changes in the Json Assets mod API"
        },
        "Socializing Skill": {
            "Id": "drbirbdev.SocializingSkill",
            "~2.0.5 | Status": "AssumeBroken",
            "~2.0.5 | StatusReasonDetails": "Harmony patches fail at runtime and cause hard game crash"
        },
        "Split Screen Manager": {
            "Id": "RomenH.SplitScreenManager",
            "~1.0.0 | Status": "AssumeBroken",
            "~1.0.0 | StatusReasonDetails": "Harmony patches fail at runtime"
        },
        "Stardew Hack": {
            "Id": "bcmpinc.StardewHack",
            "~6.0.0 | Status": "AssumeBroken",
            "~6.0.0 | StatusReasonDetails": "Harmony patches fail at runtime"
        },
        "Statue of Generosity": {
            "Id": "spacechase0.StatueOfGenerosity",
            "~1.1.3 | Status": "AssumeBroken",
            "~1.1.3 | StatusReasonDetails": "Harmony patches fail at runtime"
        },
        "Statue Shorts": {
            "Id": "aedenthorn.StatueShorts",
            "~0.1.0 | Status": "AssumeBroken",
            "~0.1.0 | StatusReasonDetails": "Harmony patches fail at runtime"
        },
        "Swizzy Meads": {
            "Id": "SwizzyStudios.SwizzyMeads",
            "~1.0.1-alpha | Status": "AssumeBroken",
            "~1.0.1-alpha | StatusReasonDetails": "Harmony patches fail at runtime"
        },
        "The Adventurer's Life Expanded": {
            "Id": "HamioDracny.TALE.SMAPI",
            "~1.2.1 | Status": "AssumeBroken",
            "~1.2.1 | StatusReasonDetails": "Harmony patches fail at runtime"
        },
        "This Mod Is Organic": {
            "Id": "SweetPanda.Organic",
            "~1.0.0 | Status": "AssumeBroken",
            "~1.0.0 | StatusReasonDetails": "affected by breaking changes in the Json Assets mod API"
        },
        "TimeSpeed": {
            "Id": "cantorsdust.TimeSpeed",
            "~2.7.7-alpha.20240220 | Status": "AssumeBroken",
            "~2.7.7-alpha.20240220 | StatusReasonDetails": "causes runtime time issues before 2.7.7"
        },
        "Wealth is Health": {
            "Id": "QiTheMysterious.WealthIsHealth",
            "~0.1.2 | Status": "AssumeBroken",
            "~0.1.2 | StatusReasonDetails": "causes runtime errors"
        },

        /*********
        ** Broke in SMAPI 3.14.0
        *********/
        "CFAutomate": {
            "Id": "Platonymous.CFAutomate",
            "~2.12.11 | Status": "AssumeBroken",
            "~2.12.11 | StatusReasonDetails": "causes runtime errors in newer versions of Automate"
        },
        "Dynamic Game Assets": {
            "Id": "spacechase0.DynamicGameAssets",
            "~1.4.1 | Status": "AssumeBroken",
            "~1.4.1 | StatusReasonDetails": "causes runtime errors fixed in Dynamic Game Assets 1.4.2"
        },

        /*********
        ** Broke in SDV 1.5.5
        *********/
        "Animated Portrait Framework": {
            "Id": "akai.AnimatedPortrait",
            "~1.0.0 | Status": "AssumeBroken",
            "~1.0.0 | StatusReasonDetails": "requires the 'System.Windows.Forms' API, which isn't available in .NET 5"
        },
        "Audio Devices": {
            "Id": "maxvollmer.audiodevices",
            "~3.0.1 | Status": "AssumeBroken",
            "~3.0.1 | StatusReasonDetails": "fails to load due to an outdated implementation of the game's 'IAudioEngine' interface"
        },
        "Battery Warning": {
            "Id": "Husky110.BatteryWarningMod",
            "~1.0.4 | Status": "AssumeBroken",
            "~1.0.4 | StatusReasonDetails": "requires the 'System.Management' API, which is a different DLL in .NET 5"
        },
        "Junimo Studio": {
            "Id": "Becks723.JunimoStudio",
            "~2.0.1 | Status": "AssumeBroken",
            "~2.0.1 | StatusReasonDetails": "requires 'Microsoft.Xna.Framework.Audio.AudioCategory' which doesn't exist in MonoGame"
        },
        "Stardew Valley Expanded": {
            "Id": "FlashShifter.SVECode",
            "~1.13.11 | Status": "AssumeBroken",
            "~1.13.11 | StatusReasonDetails": "fails to load due to an outdated implementation of the game's 'ICue' interface"
        },
        "Stardew Web": {
            "Id": "prism99.stardewweb",
            "~0.7.2 | Status": "AssumeBroken",
            "~0.7.2 | StatusReasonDetails": "requires the 'System.Drawing' API, which isn't available in .NET 5"
        },
        "Sundrop City": {
            "Id": "SundropTeam.SundropCity",
            "~0.4.1 | Status": "AssumeBroken",
            "~0.4.1 | StatusReasonDetails": "causes freeze during game launch"
        },
        "UI Info Suite": {
            "Id": "Cdaragorn.UiInfoSuite",
            "~2.0.0 | Status": "AssumeBroken",
            "~2.0.0 | StatusReasonDetails": "causes lag, errors, or crashes in-game"
        },
        "Video Player": {
            "Id": "aedenthorn.VideoPlayer",
            "~0.2.5 | Status": "AssumeBroken",
            "~0.2.5 | StatusReasonDetails": "requires an XNA Framework API that's not available in MonoGame and causes a crash to desktop"
        },

        /*********
        ** Broke in SMAPI 3.12.0
        *********/
        "Always Scroll Map": {
            "Id": "bcmpinc.AlwaysScrollMap",
            "~4.1.0 | Status": "AssumeBroken",
            "~4.1.0 | StatusReasonDetails": "causes Harmony patching errors for other mods" // requested by the mod author
        },
        "Big Silo": {
            "Id": "lperkins2.BigSilo",
            "~0.0.3 | Status": "AssumeBroken",
            "~0.0.3 | StatusReasonDetails": "not compatible with Harmony 2.x"
        },
        "Fix Animal Tools": {
            "Id": "bcmpinc.FixAnimalTools",
            "~4.1.0 | Status": "AssumeBroken",
            "~4.1.0 | StatusReasonDetails": "causes Harmony patching errors for other mods" // requested by the mod author
        },
        "Grass Growth": {
            "Id": "bcmpinc.GrassGrowth",
            "~4.1.0 | Status": "AssumeBroken",
            "~4.1.0 | StatusReasonDetails": "causes Harmony patching errors for other mods" // requested by the mod author
        },
        "Harvest With Scythe (bcmpinc)": {
            "Id": "bcmpinc.HarvestWithScythe",
            "~4.1.0 | Status": "AssumeBroken",
            "~4.1.0 | StatusReasonDetails": "causes Harmony patching errors for other mods" // requested by the mod author
        },
        "Movement Speed": {
            "Id": "bcmpinc.MovementSpeed",
            "~4.1.0 | Status": "AssumeBroken",
            "~4.1.0 | StatusReasonDetails": "causes Harmony patching errors for other mods" // requested by the mod author
        },
        "PlatoTK": {
            "Id": "Platonymous.PlatoTK",
            "~1.9.3 | Status": "AssumeBroken",
            "~1.9.3 | StatusReasonDetails": "fails to load with 'ReflectionTypeLoadException' error"
        },
        "Tilled Soil Decay": {
            "Id": "bcmpinc.TilledSoilDecay",
            "~4.1.0 | Status": "AssumeBroken",
            "~4.1.0 | StatusReasonDetails": "causes Harmony patching errors for other mods" // requested by the mod author
        },
        "Wear More Rings": {
            "Id": "bcmpinc.WearMoreRings",
            "~4.1.0 | Status": "AssumeBroken",
            "~4.1.0 | StatusReasonDetails": "causes Harmony patching errors for other mods" // requested by the mod author
        },

        /*********
        ** Broke in SDV 1.5 (Content Patcher packs)
        *********/
        "mi.Mermaids": {
            "Id": "mi.Mermaids",
            "~1.0.0 | Status": "AssumeBroken",
            "~1.0.0 | StatusReasonDetails": "causes errors due to removed Stardew Valley 1.5 content"
        },

        /*********
        ** Broke in SDV 1.5 (SMAPI mods)
        *********/
        "ChestEx": {
            "Id": "berkayylmao.ChestEx",
            "~1.3.4 | Status": "AssumeBroken",
            "~1.3.4 | StatusReasonDetails": "has no effect due to changes in Stardew Valley 1.5, causes crashes in other mods like Chests Anywhere"
        },
        "Custom Furniture": {
            "Id": "Platonymous.CustomFurniture",
            "~0.11.2 | Status": "AssumeBroken",
            "~0.11.2 | StatusReasonDetails": "causes errors and custom furniture no longer work in Stardew Valley 1.5"
        },
        "Custom Localization": {
            "Id": "ZaneYork.CustomLocalization",
            "FormerIds": "SMAPI.CustomLocalization", // changed in 1.0.1
            "~1.1 | Status": "AssumeBroken",
            "~1.1 | StatusReasonDetails": "reflection error due to renamed _localizedAssets field"
        },
        "Geode Info Menu": {
            "Id": "cat.geodeinfomenu",
            "~1.5.2 | Status": "AssumeBroken",
            "~1.5.2 | StatusReasonDetails": "shows no info, freezes game if you try to search"
        },
        "Mod Settings Tab": {
            "Id": "GilarF.ModSettingsTab",
            "~0.2.1 | Status": "AssumeBroken",
            "~0.2.1 | StatusReasonDetails": "fails extending title menu"
        },
        "TreeTransplant": {
            "Id": "TreeTransplant",
            "~1.0.9 | Status": "AssumeBroken",
            "~3.0.0 | StatusReasonDetails": "breaks game launch due to AccessViolationException"
        },

        /*********
        ** Broke in SDV 1.4
        *********/
        "Auto Quality Patch": {
            "Id": "SilentOak.AutoQualityPatch",
            "~2.1.3-unofficial.7-mizzion | Status": "AssumeBroken",
            "~2.1.3-unofficial.7-mizzion | StatusReasonDetails": "broken due to runtime errors"
        },

        "Fix Dice": {
            "Id": "ashley.fixdice",
            "~1.1.2 | Status": "AssumeBroken",
            "~1.1.2 | StatusReasonDetails": "crashes game on startup"
        },

        "Invite Code Mod": {
            "Id": "KOREJJamJar.InviteCodeMod",
            "~1.0.1 | Status": "AssumeBroken"
        },

        "Loved Labels": {
            "Id": "Advize.LovedLabels",
            "~2.2.1-unofficial.2-pathoschild | Status": "AssumeBroken"
        },

        "Neat Additions": {
            "Id": "ilyaki.neatadditions",
            "~1.0.3 | Status": "AssumeBroken"
        },

        "Remote Fridge Storage": {
            "Id": "EternalSoap.RemoteFridgeStorage",
            "~1.5 | Status": "AssumeBroken"
        },

        "Stack Everything": {
            "Id": "cat.stackeverything",
            "~2.15 | Status": "AssumeBroken"
        },

        /*********
        ** Broke in SMAPI 3.0 (runtime errors due to lifecycle changes)
        *********/
        "Advancing Sprinklers": {
            "Id": "warix3.advancingsprinklers",
            "~1.0.0 | Status": "AssumeBroken"
        },

        "Better Sprinklers": {
            "Id": "Speeder.BetterSprinklers",
            "~2.3.1-unofficial.7-pathoschild | Status": "AssumeBroken"
        },

        "Current Location (Vrakyas)": {
            "Id": "Vrakyas.CurrentLocation",
            "~1.5.4 | Status": "AssumeBroken"
        },

        "Custom Adventure Guild Challenges": {
            "Id": "DefenTheNation.CustomGuildChallenges",
            "~1.8 | Status": "AssumeBroken"
        },

        "Decrafting Mod": {
            "Id": "MSCFC.DecraftingMod",
            "~1.0 | Status": "AssumeBroken",
            "~1.0 | StatusReasonDetails": "fails due to NullReferenceException in ModEntry"
        },

        "Level Extender": {
            "Id": "DevinLematty.LevelExtender",
            "~3.1 | Status": "AssumeBroken"
        },

        "Mod Update Menu": {
            "Id": "cat.modupdatemenu",
            "~1.4 | Status": "AssumeBroken"
        },

        "Quick Start": {
            "Id": "WuestMan.QuickStart",
            "~1.5 | Status": "AssumeBroken"
        },

        "Stardew Valley ESP": {
            "Id": "reimu.sdv-helper",
            "~1.1 | Status": "AssumeBroken"
        },

        "Underdark Krobus": {
            "Id": "melnoelle.underdarkkrobus",
            "~1.0 | Status": "AssumeBroken",
            "~1.0 | StatusReasonDetails": "fails due to NullReferenceException in ModEntry"
        },

        "Underdark Sewer": {
            "Id": "melnoelle.underdarksewer",
            "~1.1.0 | Status": "AssumeBroken",
            "~1.1.0 | StatusReasonDetails": "fails due to NullReferenceException in ModEntry"
        },

        /*********
        ** Broke in SDV 1.3.36
        *********/
        "2cute FarmCave": {
            "Id": "taintedwheat.2CuteFarmCave",
            "Default | UpdateKey": "Nexus:843",
            "~2.0    | Status": "AssumeBroken",
            "~2.0    | StatusReasonDetails": "references the deleted Content/Mine asset"
        },

        "Ace's Expanded Caves - Default Cave": {
            "Id": "Acerbicon.AECdefault",
            "Default | UpdateKey": "Nexus:2131",
            "~1.2.2  | Status": "AssumeBroken",
            "~1.2.2  | StatusReasonDetails": "references the deleted Content/Mine asset"
        },

        "Ace's Expanded Caves - Desert Cave": {
            "Id": "Acerbicon.AECdesert",
            "Default | UpdateKey": "Nexus:2131",
            "~1.2.2  | Status": "AssumeBroken",
            "~1.2.2  | StatusReasonDetails": "references the deleted Content/Mine asset"
        },

        "Ace's Expanded Caves - Ice Cave": {
            "Id": "Acerbicon.AECice",
            "Default | UpdateKey": "Nexus:2131",
            "~1.2.2  | Status": "AssumeBroken",
            "~1.2.2  | StatusReasonDetails": "references the deleted Content/Mine asset"
        },

        "Ace's Expanded Caves - Lava Cave": {
            "Id": "Acerbicon.AEClava",
            "Default | UpdateKey": "Nexus:2131",
            "~1.2.2  | Status": "AssumeBroken",
            "~1.2.2  | StatusReasonDetails": "references the deleted Content/Mine asset"
        },

        "Ace's Expanded Caves - Slime Cave": {
            "Id": "Acerbicon.AECslime",
            "Default | UpdateKey": "Nexus:2131",
            "~1.2.2  | Status": "AssumeBroken",
            "~1.2.2  | StatusReasonDetails": "references the deleted Content/Mine asset"
        },

        "Critical Crow": {
            "Id": "leonary.CRCROWS",
            "Default | UpdateKey": "Nexus:2663",
            "~1.2.2  | Status": "AssumeBroken",
            "~1.2.2  | StatusReasonDetails": "removes newer content from the TileSheets/Craftables asset"
        },

        "Green Pastures Farm": {
            "Id": "bugbuddy.GreenPasturesFarm",
            "Default | UpdateKey": "Nexus:2326",
            "~1.0    | Status": "AssumeBroken",
            "~1.0    | StatusReasonDetails": "references the deleted Content/weapons asset"
        },

        "Immersive Farm 2": {
            "Id": "zander.immersivefarm2",
            "~2.0.1 | Status": "AssumeBroken",
            "~2.0.1 | StatusReasonDetails": "references the deleted Content/Mine asset"
        },

        "Karmylla's Immersive Map Edits": {
            "Id": "Karmylla.ImmersiveMapEdits",
            "Default | UpdateKey": "Nexus:1149",
            "~2.4    | Status": "AssumeBroken",
            "~2.4    | StatusReasonDetails": "references the deleted Content/weapons asset"
        },

        "Secret Gardens Greenhouse": {
            "Id": "jessebot.secretgardens",
            "Default | UpdateKey": "Nexus:3067",
            "~2.0.1  | Status": "AssumeBroken",
            "~2.0.1  | StatusReasonDetails": "references the deleted Content/Mine asset"
        },

        /*********
        ** Broke circa SDV 1.3
        *********/
        "Canon-Friendly Dialogue Expansion": {
            "Id": "gizzymo.canonfriendlyexpansion",
            "~1.1.1 | Status": "AssumeBroken",
            "~1.1.1 | StatusReasonDetails": "causes a save crash on certain dates"
        },

        "Everytime Submarine": {
            "Id": "MustafaDemirel.EverytimeSubmarine",
            "~1.0.0 | Status": "AssumeBroken",
            "~1.1.1 | StatusReasonDetails": "breaks player saves if their beach bridge is fixed"
        },

        "BJS Night Sounds": {
            "Id": "BunnyJumps.BJSNightSounds",
            "~1.0.0 | Status": "AssumeBroken",
            "~1.0.0 | StatusReasonDetails": "runtime errors with Harmony 1.2.0.1 in SMAPI 2.8+"
        },

        "Fishing Adjust": {
            "Id": "shuaiz.FishingAdjustMod",
            "~2.0.1 | Status": "AssumeBroken",
            "~2.0.1 | StatusReasonDetails": "fails with 'method not found' error for 'Void Harmony.HarmonyInstance.Patch(System.Reflection.MethodBase, Harmony.HarmonyMethod, Harmony.HarmonyMethod, Harmony.HarmonyMethod)'"
        },

        "Fishing Automaton": {
            "Id": "Drynwynn.FishingAutomaton",
            "~1.1 | Status": "AssumeBroken",
            "~1.1 | StatusReasonDetails": "runtime errors with Harmony 1.2.0.1 in SMAPI 2.8+"
        },

        "More Silo Storage": {
            "Id": "OrneryWalrus.MoreSiloStorage",
            "~1.0.1 | Status": "AssumeBroken"
        },

        "No Added Flying Mine Monsters": {
            "Id": "Drynwynn.NoAddedFlyingMineMonsters",
            "~1.1 | Status": "AssumeBroken",
            "~1.1 | StatusReasonDetails": "runtime errors with Harmony 1.2.0.1 in SMAPI 2.8+"
        },

        "Server Bookmarker": {
            "Id": "Ilyaki.ServerBookmarker",
            "~1.0.0 | Status": "AssumeBroken",
            "~1.0.0 | StatusReasonDetails": "runtime errors in Stardew Valley 1.3.29"
        },

        "Stephan's Lots of Crops": {
            "Id": "stephansstardewcrops",
            "~1.1 | Status": "AssumeBroken",
            "~1.1 | StatusReasonDetails": "causes errors due to overwritten Stardew Valley 1.3 items"
        }
    }
}
